Job ID,Job URL,Job Title,Company Name,Status,Timestamp,WP ID
32ea65b542a06ce6,https://ci.linkedin.com/jobs/view/sales-officer-mid-size-industry-and-retail-at-puratos-schobbers-4437138125,Sales Officer Mid-size industry and retail,,scraped,2026-07-07T00:04:22.278526,
137c47042e129255,https://ci.linkedin.com/jobs/view/commercial-e-externe-agboville-c%C3%B4te-d-ivoire-at-lapaire-4436791369,Commercial (e) Externe - Agboville (Côte d'Ivoire),,scraped,2026-07-07T00:04:30.184793,
0087f2efd592f47f,https://ci.linkedin.com/jobs/view/technicien-montage-essais-sav-at-%E8%80%90%E5%85%8B%E6%A3%AE%E4%B8%AD%E5%9B%BD-4437128337,"Technicien Montage, Essais & SAV",,scraped,2026-07-07T00:04:37.843015,
2f44965cf664a66e,https://ci.linkedin.com/jobs/view/community-manager-at-ngser-4437137758,Community Manager,,scraped,2026-07-07T00:04:45.472433,
33ddcaa7e7d9b29c,https://ci.linkedin.com/jobs/view/joint-venture-accountant-at-eni-4425482893,Joint Venture Accountant,,scraped,2026-07-07T00:04:53.056101,
5ef7a3c5a8a6e2df,https://ci.linkedin.com/jobs/view/reservoir-engineer-at-eni-4425478922,Reservoir Engineer,,scraped,2026-07-07T00:04:59.547229,
4a7cd85cf2b6c8af,https://ci.linkedin.com/jobs/view/hr-coordinator-at-eni-4425488875,HR Coordinator,,scraped,2026-07-07T00:06:09.702284,
67fdf085a994aaf7,https://ci.linkedin.com/jobs/view/millwright-at-afgri-4436917333,Millwright,,scraped,2026-07-07T00:07:19.622921,
cd4172a788134967,https://ci.linkedin.com/jobs/view/%C3%A9p%C3%BCletg%C3%A9p%C3%A9sz-szerel%C5%91-at-technologies-%C3%A9p%C3%BCletg%C3%A9p%C3%A9szet-4435036440,Épületgépész szerelő,,scraped,2026-07-07T00:08:30.880306,
ad2beb9c66841792,https://ci.linkedin.com/jobs/view/junior-accountant-at-jmg-limited-4428928765,Junior Accountant,,scraped,2026-07-07T00:08:41.370149,
56042613e8280b8f,https://ci.linkedin.com/jobs/view/charg%C3%A9-du-contr%C3%B4le-des-comptes-consolidation-at-orange-c%C3%B4te-d-ivoire-4436315615,Chargé du Contrôle des Comptes & Consolidation,Orange Côte d'Ivoire,posted,2026-07-07T00:10:05.252314,20
05b7646b7d3945e9,https://ci.linkedin.com/jobs/view/manager-ghana-revenue-wca-opex-at-visa-4418097608,Manager - Ghana Revenue & WCA Opex,Visa,posted,2026-07-07T00:10:16.030361,22
dd87f7c57001bc75,https://ci.linkedin.com/jobs/view/responsable-qualit%C3%A9-site-chantier-activit%C3%A9s-sig-com-1-at-alstom-4432793073,Responsable Qualité Site (Chantier) Activités SIG & COM 1,,scraped,2026-07-07T00:10:18.697511,
a04ce8656c371a98,https://ci.linkedin.com/jobs/view/un-1-responsable-point-de-vente-h-f-at-agiloya-afrique-4435021520,UN (1) RESPONSABLE POINT DE VENTE - H/F,,scraped,2026-07-07T00:11:29.046495,
331be6a237be3286,https://ci.linkedin.com/jobs/view/senior-internal-auditor-at-endeavour-mining-4432703163,Senior Internal Auditor,,scraped,2026-07-07T00:11:35.488443,
d165f5c4323c25ec,https://ci.linkedin.com/jobs/view/field-engineering-program-generator-specialist-at-fieldcore-4435814782,Field Engineering Program - Generator Specialist,FieldCore,posted,2026-07-07T00:11:49.042749,24
4fa2c4039fb6103a,https://ci.linkedin.com/jobs/view/director-monitoring-evaluation-and-learning-mel-at-teach-for-all-4436064918,"Director, Monitoring, Evaluation, and Learning (MEL)",Teach For All,posted,2026-07-07T00:11:56.630818,26
f82ad7163dae0f42,https://ci.linkedin.com/jobs/view/commercial-terrain-boutique-abidjan-4436947358,Commercial Terrain boutique Abidjan,Ivoirienne des Produits Tropicaux (I.P.T.),posted,2026-07-07T00:12:04.602462,28
71c8559838625868,https://ci.linkedin.com/jobs/view/security-data-geographic-system-superintendent-at-endeavour-mining-4434655557,Security Data & Geographic System Superintendent,,scraped,2026-07-07T00:12:07.323348,
1f5c11364c178f69,https://ci.linkedin.com/jobs/view/gestionnaire-des-op%C3%A9rations-bceao-h-f-at-soci%C3%A9t%C3%A9-g%C3%A9n%C3%A9rale-c%C3%B4te-d-ivoire-4435570271,Gestionnaire des Opérations BCEAO - H/F,,scraped,2026-07-07T00:12:14.701183,
e45816ccff1f325d,https://ci.linkedin.com/jobs/view/translator-dioula-english-%2495-hr-remote-at-crossing-hurdles-4435451277,Translator - Dioula/English | $95/hr Remote,Crossing Hurdles,posted,2026-07-07T00:13:32.899237,30
67128ee065a00d71,https://ci.linkedin.com/jobs/view/senior-manager-%E2%80%93-health-africa-at-tony-blair-institute-for-global-change-4431956089,"Senior Manager – Health, Africa",Tony Blair Institute for Global Change,posted,2026-07-07T00:13:40.519371,32
07949b6707f83566,https://ci.linkedin.com/jobs/view/dioula-bilingual-expert-remote-at-yo-it-consulting-4436068100,Dioula Bilingual Expert - Remote,,scraped,2026-07-07T00:13:43.093613,
2dd691842bb43251,https://ci.linkedin.com/jobs/view/charg%C3%A9-de-contr%C3%B4le-interne-at-orange-c%C3%B4te-d-ivoire-4436323169,Chargé de Contrôle Interne,Orange Côte d'Ivoire,posted,2026-07-07T00:13:58.624328,34
bb1c3271d3ebbfbe,https://ci.linkedin.com/jobs/view/business-development-senior-manager-cameroon-based-in-cameroon-at-visa-4426063437,Business Development Senior Manager - Cameroon (Based in Cameroon),Visa,posted,2026-07-07T00:14:07.663450,36
fef09f663efb0f19,https://ci.linkedin.com/jobs/view/key-account-manager-west-africa-at-dna-recruitment-4432770172,Key Account Manager West Africa,DNA Recruitment,posted,2026-07-07T00:14:20.410882,38
f97f6f094312f1c0,https://ci.linkedin.com/jobs/view/business-development-senior-manager-senegal-based-in-senegal-at-visa-4426062509,Business Development Senior Manager - Senegal (Based in Senegal),Visa,posted,2026-07-07T00:14:29.561674,40
32b825d434fa0565,https://ci.linkedin.com/jobs/view/responsable-trade-finance-at-selego-4426322327,Responsable Trade Finance,,scraped,2026-07-07T00:14:32.281163,
15fe64e3c286ffdf,https://ci.linkedin.com/jobs/view/country-manager-h-f-at-locamed-c%C3%B4te-d%E2%80%99ivoire-4436377377,Country Manager (H/F),Locamed Côte d’Ivoire,posted,2026-07-07T00:14:49.191071,42
6096c34d56998dd6,https://ci.linkedin.com/jobs/view/french-bilingual-customer-service-specialist-at-talentpop-app-4433911764,French Bilingual Customer Service Specialist,TalentPop App,posted,2026-07-07T00:14:58.738399,44
a3aaafb9dec03ddb,https://ci.linkedin.com/jobs/view/manager-account-executive-fintechs-and-wallets-partners-abidjan-at-visa-4417702652,"Manager, Account Executive - Fintechs and Wallets Partners, Abidjan",Visa,posted,2026-07-07T00:15:08.911619,46
ea0fba5171da32c5,https://ci.linkedin.com/jobs/view/regional-sales-manager-west-africa-invitro-diagnostics-at-hemocue-4435515804,"Regional Sales Manager, West Africa (Invitro Diagnostics)",,scraped,2026-07-07T00:15:11.633622,
f46c1d3f3a77abbc,https://ci.linkedin.com/jobs/view/service-sales-marketing-specialist-at-hitachi-energy-4427920104,Service Sales & Marketing Specialist,,scraped,2026-07-07T00:15:18.587481,
6f819ca0d2653c55,https://ci.linkedin.com/jobs/view/agent-de-support-client%C3%A8le-international-h-f-at-talentpop-app-4433923421,Agent de Support Clientèle International (H/F),TalentPop App,posted,2026-07-07T00:16:36.442357,48
788639ad261f162b,https://ci.linkedin.com/jobs/view/agent-de-support-client%C3%A8le-international-h-f-at-talentpop-app-4433923459,Agent de Support Clientèle International (H/F),TalentPop App,posted,2026-07-07T00:16:45.810287,50
9bcfc5c4395f6fdf,https://ci.linkedin.com/jobs/view/french-bilingual-customer-service-specialist-at-talentpop-app-4433913599,French Bilingual Customer Service Specialist,TalentPop App,posted,2026-07-07T00:16:50.608194,44
1f33d4f41569010e,https://ci.linkedin.com/jobs/view/sports-data-collector-football-san-pedro-ivory-coast-at-genius-sports-4384061643,"Sports Data Collector (Football) - San-Pedro, Ivory Coast",,scraped,2026-07-07T00:16:52.911709,
20ac46c91c7f0957,https://ci.linkedin.com/jobs/view/juriste-apporteur-d%E2%80%99affaire-at-ak-business-conseils-4433954617,Juriste apporteur d’affaire,AK BUSINESS CONSEILS,posted,2026-07-07T00:17:14.361742,52
41cdfda1fc123442,https://ci.linkedin.com/jobs/view/senior-manager-government-affairs-central-africa-at-visa-4418106103,Senior Manager Government Affairs - Central Africa,Visa,posted,2026-07-07T00:17:25.753138,54
74c0fd4438e067ed,https://ci.linkedin.com/jobs/view/c-b-expert-region-africa-at-cma-cgm-4435464426,C&B Expert Region Africa,CMA CGM,posted,2026-07-07T00:17:40.533676,56
bcc8602ff04108cd,https://ci.linkedin.com/jobs/view/business-development-lead-new-business-models-at-roche-4435165379,Business Development Lead: New Business Models,,scraped,2026-07-07T00:17:43.153968,
a7ac980e0ee76fa2,https://ci.linkedin.com/jobs/view/pr%C3%A9parateur-%C3%A9quipement-arr%C3%AAt-p%C3%A9trochimique-h-f-13-at-ortec-group-4387846798,Préparateur équipement arrêt pétrochimique H/F - 13,,scraped,2026-07-07T00:17:50.307843,
14c90c28f185faa7,https://ci.linkedin.com/jobs/view/d%C3%A9veloppeur-freelance-backend-net-c%23-10-microservices-clean-architecture-at-technix-4432316501,Développeur FreeLance Backend .NET / C# 10 - Microservices (Clean Architecture),TECHNIX,posted,2026-07-07T00:18:06.835709,58
dc0d50a2cfedac5c,https://ci.linkedin.com/jobs/view/junior-professional-officer-lift-programme-green-lending-at-global-green-growth-institute-4427948545,Junior Professional Officer - LIFT Programme (Green Lending),,scraped,2026-07-07T00:18:09.504376,
77beafbc8c75ab1d,https://ci.linkedin.com/jobs/view/trader-grains-and-oilseeds-west-africa-ivory-coast-at-bunge-4435124189,Trader Grains and Oilseeds West Africa - Ivory Coast,Bunge,posted,2026-07-07T00:18:26.151137,60
cdf46886e9ea1b52,https://ci.linkedin.com/jobs/view/formateur-op%C3%A9rateur-interne-h-f-at-neemba-group-4434980749,Formateur Opérateur Interne H/F,Neemba Group,posted,2026-07-07T00:19:41.377062,62
5fa984a6b4437efc,https://ci.linkedin.com/jobs/view/senior-mod%C3%A9lisation-financi%C3%A8re-%C3%A9valuation-et-m-a-f-h-at-deloitte-4359181963,"Senior Modélisation financière, évaluation et M&A F/H",Deloitte,posted,2026-07-07T00:19:50.834579,64
13687225e6341b10,https://ci.linkedin.com/jobs/view/process-safety-specialist-at-eni-4425474961,Process Safety Specialist,,scraped,2026-07-07T00:19:53.478755,
1ecdf0eab65570dc,https://ci.linkedin.com/jobs/view/product-support-coordinator-psc-at-neemba-group-4435183003,Product Support Coordinator (PSC),Neemba Group,posted,2026-07-07T00:21:11.879175,66
8c214070938569b2,https://ci.linkedin.com/jobs/view/payroll-data-specialist-at-the-heineken-company-4437736245,Payroll & Data Specialist,The HEINEKEN Company,posted,2026-07-07T12:17:53.680147,68
9536244774136858,https://ci.linkedin.com/jobs/view/local-purchasing-supervisor-at-sigma-cylinders-4433179069,Local Purchasing Supervisor,,scraped,2026-07-07T12:17:56.286904,
f3a582ffbe779a08,https://ci.linkedin.com/jobs/view/material-requirement-planning-controller-at-saipem-4437403660,Material Requirement Planning Controller,,scraped,2026-07-07T12:18:06.077459,
30affa11f916ad5a,https://ci.linkedin.com/jobs/view/convenience-retail-category-manager-at-vivo-energy-4417939011,Convenience Retail Category Manager,,scraped,2026-07-07T12:18:15.226959,
aec7f90feb283168,https://ci.linkedin.com/jobs/view/hr-officer-at-bia-group-4426839968,HR Officer,,scraped,2026-07-07T12:18:21.972199,
cfa491dbf4f10f36,https://ci.linkedin.com/jobs/view/agent-de-s%C3%A9curit%C3%A9-at-g4s-4437705917,AGENT DE SÉCURITÉ,,scraped,2026-07-07T12:18:28.694329,
bc3316b6b9061c96,https://ci.linkedin.com/jobs/view/hakwood-leed-score-at-h%C3%BCni-parke-4435308775,Hakwood Leed Score,,scraped,2026-07-07T12:18:38.724181,
6009e803b2c961ee,https://ci.linkedin.com/jobs/view/technical-services-manager-animal-nutrition-ivory-coast-at-adm-4432388527,Technical Services Manager - Animal Nutrition - Ivory Coast,ADM,posted,2026-07-07T12:18:54.716812,70
4d77060980c0026a,https://ci.linkedin.com/jobs/view/sr-product-manager-core-consumer-solutions-abidjan-at-visa-4417495887,Sr Product Manager Core Consumer Solutions - Abidjan,Visa,posted,2026-07-07T12:19:03.774539,72
e726825f7bce2363,https://ci.linkedin.com/jobs/view/gestionnaire-logistique-import-export-h-f-logistic-specialist-import-export-m-f-at-prysmian-4428678199,Gestionnaire Logistique Import / Export (H/F) - Logistic Specialist Import-Export (M/F),,scraped,2026-07-07T12:19:06.412471,
80c985a203193d12,https://ci.linkedin.com/jobs/view/operations-accountant-at-transmed-4437409905,Operations Accountant,Transmed,posted,2026-07-07T12:19:22.249463,74
d0d4169ccc682b85,https://ci.linkedin.com/jobs/view/sales-manager-at-siemens-energy-4435443339,Sales Manager,Siemens Energy,posted,2026-07-07T12:19:42.732949,76
3a661762acb1d2a2,https://ci.linkedin.com/jobs/view/key-account-manager-afrique-h-f-at-locamed-sant%C3%A9-confort-4436325250,Key Account Manager Afrique (H/F),Locamed Santé & Confort,posted,2026-07-07T12:19:55.841538,78
a1cdc36dbb9fac7b,https://ci.linkedin.com/jobs/view/nest-lead-distribution-center-lead-at-zipline-4427676074,Nest Lead (Distribution Center Lead),Zipline,posted,2026-07-07T12:20:09.313313,80
d05665e329d2fc85,https://ci.linkedin.com/jobs/view/construction-operations-director-new-projects-at-alliad-4434512307,Construction Operations Director - New Projects,,scraped,2026-07-07T12:20:12.014660,
643dcd15073c2d3e,https://ci.linkedin.com/jobs/view/territory-manager-afrique-francophone-at-livanova-4433171600,Territory Manager - Afrique Francophone,,scraped,2026-07-07T12:20:19.893184,
35861e44f4b78ce0,https://ci.linkedin.com/jobs/view/superviseur-hse-usine-mj002015-at-sunda-international-4437427433,Superviseur HSE - Usine (MJ002015),森大国际,posted,2026-07-07T12:20:41.203402,82
0892503d3c7db872,https://ci.linkedin.com/jobs/view/conseiller-client-f-h-abidjan-service-client-bilingue-fr-en-at-concentrix-4406458760,Conseiller client (F/H)- Abidjan - Service Client - Bilingue (Fr/En),Concentrix,posted,2026-07-07T12:20:55.189486,84
8834a57525316555,https://ci.linkedin.com/jobs/view/cadre-sup%C3%A9rieur-de-sant%C3%A9-css-fili%C3%A8re-g%C3%A9riatrique-r%C3%A9%C3%A9ducation-et-coordination-des-stages-at-f%C3%A9d%C3%A9ration-hospitali%C3%A8re-de-france-fhf-occitanie-4437126980,"Cadre Supérieur de Santé (CSS),  Filière Gériatrique, Rééducation et coordination des stages",,scraped,2026-07-07T12:20:59.614424,
b351821c0200a42f,https://ci.linkedin.com/jobs/view/eoi-mobility-resources-management-officer-rmo-p-at-iom-un-migration-4435812305,EOI Mobility: Resources Management Officer (RMO) (P),IOM - UN Migration,posted,2026-07-07T12:21:17.730215,86
3d5a7d4bb5a97831,https://ci.linkedin.com/jobs/view/stagiaire-community-manager-at-ivoire-saphir-construction-4434521641,Stagiaire community manager,Ivoire saphir construction,posted,2026-07-07T12:21:31.828427,88
5d7ced47e244c426,https://ci.linkedin.com/jobs/view/dessinateur-projeteur-fluides-cvc-plomberie-at-fox-cooling-mep-4436534395,Dessinateur Projeteur Fluides (CVC/Plomberie),,scraped,2026-07-07T12:21:34.410386,
13dc77acc1bb16a6,https://ci.linkedin.com/jobs/view/ai-video-creator-at-the-flex-4436764967,AI Video Creator,,scraped,2026-07-07T12:21:42.310351,
2cac877c06ddf555,https://ci.linkedin.com/jobs/view/information-technology-specialist-at-avaso-technology-solutions-4432364778,Information Technology Specialist,,scraped,2026-07-07T12:21:48.992450,
db142c8c6bbde107,https://ci.linkedin.com/jobs/view/conseiller-client-f-h-t%C3%A9l%C3%A9vente-abidjan-fran%C3%A7ais-at-concentrix-4406451941,Conseiller client (F/H)- Télévente - Abidjan - Français,Concentrix,posted,2026-07-07T12:22:06.195586,90
f6e1fb1896f357b2,https://ci.linkedin.com/jobs/view/business-development-director-cameroon-based-in-cameroon-at-visa-4426075285,Business Development Director - Cameroon (Based in Cameroon),Visa,posted,2026-07-07T12:22:17.143466,92
ae6121cca33b6a15,https://ci.linkedin.com/jobs/view/ingenieur-coordination-cqe-moepsys-alstom-1-at-alstom-4432795019,Ingenieur Coordination CQE MOEPSYS Alstom 1,,scraped,2026-07-07T12:22:19.823510,
0251c3d5ae4e33cd,https://ci.linkedin.com/jobs/view/business-development-director-senegal-based-in-senagal-at-visa-4426063424,Business Development Director - Senegal (Based in Senagal),Visa,posted,2026-07-07T12:22:38.635746,94
8b9cb12f66713cfe,https://ci.linkedin.com/jobs/view/senior-project-engineer-at-endeavour-mining-4432778175,Senior Project Engineer,,scraped,2026-07-07T12:22:45.173987,
57381c39967c6433,https://ci.linkedin.com/jobs/view/senior-construction-engineer-fixed-term-2-years-at-endeavour-mining-4432709087,Senior Construction Engineer - Fixed Term 2 Years,,scraped,2026-07-07T12:22:54.516760,
13cde3c59a7dbd8c,https://ci.linkedin.com/jobs/view/senior-advisor-resource-mobilization-and-strategic-engagement-consultant-at-world-food-programme-4432362821,"Senior Advisor, Resource Mobilization and Strategic Engagement Consultant",,scraped,2026-07-07T12:23:04.097616,
8730ed932982909c,https://ci.linkedin.com/jobs/view/consultant-e-conseiller-technique-child-rights-and-business-crb-at-save-the-children-international-4436330452,Consultant(e) Conseiller Technique Child Rights and Business (CRB),Save the Children International,posted,2026-07-07T12:23:24.887642,96
41525941daabee3d,https://ci.linkedin.com/jobs/view/handyman-at-the-church-of-jesus-christ-of-latter-day-saints-4436818157,Handyman,The Church of Jesus Christ of Latter-day Saints,posted,2026-07-07T20:36:49.530288,98
09faf4cb0b8d8d93,https://ci.linkedin.com/jobs/view/construction-quantity-surveyor-at-kt-kinetics-technology-4434560758,CONSTRUCTION QUANTITY SURVEYOR,,scraped,2026-07-07T20:36:58.190528,
312e9389030d7ee8,https://ci.linkedin.com/jobs/view/fret-aviation-service-dhl-recent-dfw-airport-et-bureau-army-navy-station-dallas-texas-4380958377,FRET AVIATION SERVICE  DHL recent  DFW AIRPORT ET BUREAU ARMY NAVY STATION  DALLAS TEXAS,UNIVERSITY  CIVIL AVIATION NATIONAL AUTHORITY,posted,2026-07-07T20:37:17.622564,100
64abd87bda40e97e,https://ci.linkedin.com/jobs/view/fragrance-evaluation-manager-sub-saharan-africa-at-palicao-4425992780,Fragrance Evaluation Manager Sub-Saharan Africa,,scraped,2026-07-07T20:37:22.328632,
f9d49242819caf41,https://ci.linkedin.com/jobs/view/quality-assurance-supervisor-at-transmed-4433192286,QUALITY ASSURANCE SUPERVISOR,Transmed,posted,2026-07-07T20:37:42.037239,102
04e60300fa5e5ba3,https://ci.linkedin.com/jobs/view/dioula-bilingual-expert-remote-at-yo-it-consulting-4436068099,Dioula Bilingual Expert - Remote,,scraped,2026-07-07T20:37:44.707006,
32b328bb573345c2,https://ci.linkedin.com/jobs/view/account-controller-at-jmg-limited-4437850863,Account Controller,,scraped,2026-07-07T20:37:51.061480,
88ceff8f1bb93f2c,https://ci.linkedin.com/jobs/view/operations-associate-g-6-ft-%23071090-man-cote-d-ivoire-wcar-at-unicef-chad-4433725850,"Operations Associate (G-6), FT, #071090, Man - Cote d'Ivoire, WCAR",Unicef CHAD,posted,2026-07-07T20:38:14.033314,104
41a2c7c8b4ec747f,https://ci.linkedin.com/jobs/view/explorationist-at-eni-4425496397,Explorationist,,scraped,2026-07-07T20:38:16.711058,
c73b2ede50329e53,https://ci.linkedin.com/jobs/view/sales-development-representative-french-speaking-at-huzzle-com-4437808207,Sales Development Representative (French Speaking),,scraped,2026-07-07T20:38:23.908391,
74c78eb4f88d604b,https://ci.linkedin.com/jobs/view/assistant-admin-rh-paie-abidjan-civ-stage-at-lapaire-4436735644,"Assistant Admin RH & Paie - Abidjan,CIV (STAGE)",,scraped,2026-07-07T20:38:31.090857,
da96963d87459c14,https://ci.linkedin.com/jobs/view/s%C3%A9lection-d%E2%80%99un-prestataire-pour-la-mise-en-%C5%93uvre-d%E2%80%99un-programme-de-renforcement-des-capacit%C3%A9s-de-160-producteurs-de-cacao-dans-le-d%C3%A9partement-de-divo-at-snv-4434529288,Sélection d’un prestataire pour la mise en œuvre d’un programme de renforcement des capacités de 160 producteurs de cacao dans le département de Divo,,scraped,2026-07-07T20:38:39.278217,
96188509ff4bfedf,https://ci.linkedin.com/jobs/view/chef-de-service-contr%C3%B4leur-financier-ecobank-c%C3%B4te-d-ivoire-at-ecobank-transnational-incorporated-4435487190,Chef de Service Contrôleur Financier - Ecobank Côte d'ivoire,,scraped,2026-07-07T20:38:46.951541,
304d24fa99c2862e,https://ci.linkedin.com/jobs/view/community-manager-at-yoyo-africa-4437826603,Community manager,Yoyo Africa,posted,2026-07-07T20:39:03.680651,106
9e43341b4f8f0a8c,https://ci.linkedin.com/jobs/view/senior-sales-manager-at-vinmar-international-4375257120,Senior Sales Manager,Vinmar International,posted,2026-07-07T20:39:23.838905,108
b4a66454729067e1,https://ci.linkedin.com/jobs/view/sr-consultant-product-abidjan-at-visa-4417709140,Sr. Consultant; Product - Abidjan,Visa,posted,2026-07-07T20:39:38.106166,110
3dbeb119e9d6f7d1,https://ci.linkedin.com/jobs/view/senior-program-management-specialist-at-fao-4434596054,Senior Program Management Specialist,,scraped,2026-07-07T20:39:42.807129,
1aeb956dba38f6bc,https://ci.linkedin.com/jobs/view/formateur-trice-experience-client-transport-transit-logistique-shipping-at-spirit-4437784337,"FORMATEUR (TRICE) - EXPERIENCE CLIENT - Transport, Transit, Logistique & Shipping",SPIRIT,posted,2026-07-07T20:39:56.228122,112
771ea0db38056d73,https://ci.linkedin.com/jobs/view/t2-junior-technician-impala-shafts-221-at-schauenburg-systems-4434576205,T2 Junior Technician - Impala Shafts - 221,,scraped,2026-07-07T20:40:02.887791,
106b60609d2d279a,https://ci.linkedin.com/jobs/view/mobile-money-solution-architect-at-huawei-4437828473,MOBILE MONEY SOLUTION ARCHITECT,,scraped,2026-07-07T20:40:21.365332,
013f1727a31bb48d,https://ci.linkedin.com/jobs/view/cdi-manager-surete-et-securite-afrique-de-l-ouest-f-h-x-at-canal%2B-group-4434496038,CDI - MANAGER SURETE ET SECURITE AFRIQUE DE L'OUEST - (F/H/X),,scraped,2026-07-07T20:40:27.947109,
2bb9f35e4a1b7812,https://ci.linkedin.com/jobs/view/pr%C3%A9parateur-m%C3%A9canique-s%C3%A9nior-h-f-international-at-ortec-group-4410063692,Préparateur Mécanique Sénior H/F - International,,scraped,2026-07-07T20:40:39.445737,
d23f960d879ead80,https://ci.linkedin.com/jobs/view/apporteurs-d%E2%80%99affaires-freelance-wagcompta-database-at-wagsystems-ci-4436371341,APPORTEURS D’AFFAIRES FREELANCE - WAGCOMPTA DATABASE,,scraped,2026-07-07T20:40:49.602560,
3ebd85ab86c863a0,https://ci.linkedin.com/jobs/view/hr-generalist-h-f-at-selego-4437787611,HR Generalist (H/F),,scraped,2026-07-08T07:18:36.236070,
f57f7106e1601898,https://ci.linkedin.com/jobs/view/customer-experience-consultant-at-caterpillar-inc-4437799596,Customer Experience Consultant,Caterpillar Inc.,posted,2026-07-08T07:19:00.045328,124
8ed8f1abcce20884,https://ci.linkedin.com/jobs/view/social-performance-supervisor-%E2%80%93-lrp-iga-at-endeavour-mining-4434542234,Social Performance Supervisor – LRP / IGA,,scraped,2026-07-08T07:19:22.431700,
0ef4a1c53e2b95a0,https://ci.linkedin.com/jobs/view/people-programs-manager-at-wave-mobile-money-4437402836,People Programs Manager,,scraped,2026-07-08T07:19:30.034746,
aae73c7a3e0f61b3,https://ci.linkedin.com/jobs/view/programme-pilote-save-atlas-%E2%80%93-secure-data-exchange-platform-at-wagsystems-ci-4437447763,Programme pilote SAVE ATLAS – Secure data exchange platform,,scraped,2026-07-08T07:19:40.845667,
c53f8a2eb72d50ba,https://ci.linkedin.com/jobs/view/prescripteur-secteur-bourgogne-franche-comt%C3%A9-alsace-at-actis-isolation-4436860459,Prescripteur Secteur Bourgogne Franche Comté Alsace,,scraped,2026-07-08T07:19:47.520782,
2bd54e9c5be0c6ca,https://ci.linkedin.com/jobs/view/vie-shipping-lines-professional-abidjan-at-cma-cgm-4436089852,VIE Shipping Lines Professional - Abidjan,CMA CGM,posted,2026-07-08T07:20:12.827364,126
951ce51b80635275,https://ci.linkedin.com/jobs/view/g%C3%A9rant-bar-4438153881,Gérant bar,Assinie Bis Hôtel,posted,2026-07-08T07:20:41.501807,128
7e30176120c0cb8a,https://ci.linkedin.com/jobs/view/ing%C3%A9nieur-e-de-s%C3%A9curit%C3%A9-routi%C3%A8re-h-f-at-amend-4437828147,Ingénieur.e de Sécurité routière (H/F),,scraped,2026-07-08T07:20:43.932542,
a561be335582cbd5,https://ci.linkedin.com/jobs/view/supply-chain-manager-at-huawei-4437831605,Supply Chain Manager,,scraped,2026-07-08T13:20:13.898434,
2db3a395627b54bd,https://ci.linkedin.com/jobs/view/assistant-excellence-operationnelle-junior-h-f-at-solibra-ci-4436848846,ASSISTANT EXCELLENCE OPERATIONNELLE JUNIOR H/F,,scraped,2026-07-08T13:20:22.600131,
0d210d76744aaeef,https://ci.linkedin.com/jobs/view/svp-commercial-regional-director-west-africa-fintech-at-optasia-4436535209,"SVP Commercial & Regional Director West Africa, Fintech",,scraped,2026-07-08T13:20:35.422637,
0dea7ff357864964,https://ci.linkedin.com/jobs/view/supply-chain-operations-specialist-at-philip-morris-international-4437799519,Supply Chain Operations Specialist,,scraped,2026-07-08T13:20:42.030141,
a1b35adba8e884f3,https://ci.linkedin.com/jobs/view/field-engineering-program-controls-at-fieldcore-4426849158,Field Engineering Program - Controls,FieldCore,posted,2026-07-08T13:21:00.334904,130
3d7fc322a0f2b392,https://ci.linkedin.com/jobs/view/d%C3%A9l%C3%A9gu%C3%A9-e-m%C3%A9dical-e-at-nestl%C3%A9-4437436062,Délégué(e) Médical(e),Nestlé,posted,2026-07-08T13:21:22.224443,132
4d7232e635925317,https://ci.linkedin.com/jobs/view/charg%C3%A9-de-composantes-projet-epsg-h-f-at-expertise-france-4430299625,Chargé de Composantes _ Projet EPSG (H/F),,scraped,2026-07-08T13:21:32.996385,
eb58013e7d9bd2fd,https://ci.linkedin.com/jobs/view/superviseur-qualit%C3%A9-bilingue-en-centre-d-appel-h-f-abidjan-anglais-at-concentrix-4361434926,Superviseur Qualité Bilingue en Centre d'Appel (H/F) - Abidjan - Anglais,Concentrix,posted,2026-07-08T13:21:52.481081,134
cdbc6848e99a64bc,https://ci.linkedin.com/jobs/view/conseiller-technique-protection-de-l-enfant-technical-adviser-child-protection-at-save-the-children-international-4437795095,Conseiller technique Protection de l'Enfant / Technical Adviser Child Protection,Save the Children International,posted,2026-07-08T13:22:04.389889,136
c6f573efe693486a,https://ci.linkedin.com/jobs/view/stagiaire-community-manager-at-zrandor-group-4412145034,Stagiaire community manager,Zrandor Group,posted,2026-07-08T13:22:16.796425,88
6b350fc8d89096be,https://ci.linkedin.com/jobs/view/ux-ui-designer-at-the-flex-4436382496,UX/UI Designer,,scraped,2026-07-08T13:22:25.442830,
b8a64da70e16c74f,https://ci.linkedin.com/jobs/view/conseiller-client-f-h-abidjan-service-client-fran%C3%A7ais-at-concentrix-4406467514,Conseiller client (F/H) - Abidjan - Service Client - Français,Concentrix,posted,2026-07-08T13:22:43.176894,138
904df336780cf7f3,https://ci.linkedin.com/jobs/view/experts-en-appui-%C3%A0-l%E2%80%99%C3%A9laboration-d%E2%80%99un-plan-de-formation-des-formateurs-de-l%E2%80%99infas-h-f-at-expertise-france-4397575070,Experts en appui à l’élaboration d’un plan de formation des formateurs de l’INFAS (H/F),,scraped,2026-07-08T13:22:47.769165,
f51848222fa879f7,https://ci.linkedin.com/jobs/view/expert-national-en-communication-et-d%C3%A9veloppement-des-publics-projet-c2d-icc-h-f-at-expertise-france-4389475969,Expert national en communication et développement des publics_ Projet C2D ICC (H/F),,scraped,2026-07-08T13:22:59.797698,
e92315e3b2727a3f,https://ci.linkedin.com/jobs/view/corporate-events-coordinator-at-wave-mobile-money-4438254637,Corporate Events Coordinator,,scraped,2026-07-08T18:56:57.308110,
b8b2b97285227d8a,https://ci.linkedin.com/jobs/view/growth-marketer-at-the-flex-4436768730,Growth Marketer,,scraped,2026-07-08T18:57:08.230936,
8cfad94609bb37f4,https://ci.linkedin.com/jobs/view/consultant-itsm-junior-at-ina-it-consulting-4434849651,Consultant ITSM Junior,,scraped,2026-07-08T18:57:15.320567,
c757588c73026799,https://ci.linkedin.com/jobs/view/documentaliste-douane-at-sunda-international-4437084056,Documentaliste Douane,森大国际,posted,2026-07-08T18:57:46.884834,140
9f8dd239df8f4b9e,https://ci.linkedin.com/jobs/view/consultant-e-conseiller-technique-child-rights-and-business-crb-at-save-the-children-colombia-oficial-4436902293,Consultant(e) Conseiller Technique Child Rights and Business (CRB),,scraped,2026-07-08T18:57:53.632432,
5bbddff7be30cd58,https://ci.linkedin.com/jobs/view/channel-manager-at-midis-group-4387508766,Channel Manager,,scraped,2026-07-08T18:58:01.858580,
c98d6a3afe035c31,https://ci.linkedin.com/jobs/view/stagiaire-gestionnaire-de-projet-%E2%80%94-coordination-de-l-%C3%A9quipe-terrain-at-ebuziness-4438232334,Stagiaire Gestionnaire de Projet — Coordination de l'Équipe Terrain,ebuziness,posted,2026-07-08T18:58:24.208433,142
6641292ccd6d8f75,https://ci.linkedin.com/jobs/view/dioula-bilingual-expert-remote-at-yo-it-consulting-4436895107,Dioula Bilingual Expert - Remote,,scraped,2026-07-08T18:58:26.926720,
47d2901b9ee644e8,https://ci.linkedin.com/jobs/view/hr-talent-partner-h-f-at-soci%C3%A9t%C3%A9-g%C3%A9n%C3%A9rale-c%C3%B4te-d-ivoire-4437758722,HR TALENT PARTNER - H/F,,scraped,2026-07-08T18:58:37.438389,
10921a024b49a117,https://ci.linkedin.com/jobs/view/project-planning-engineer-at-kt-kinetics-technology-4434875434,Project Planning Engineer,,scraped,2026-07-08T18:58:44.930080,
fd39367d133a1cbf,https://ci.linkedin.com/jobs/view/agent-de-support-client%C3%A8le-international-h-f-at-talentpop-app-4434886496,Agent de Support Clientèle International (H/F),TalentPop App,posted,2026-07-08T18:59:08.728028,144
2106022dae8bda5f,https://ci.linkedin.com/jobs/view/work-from-home-customer-support-%E2%80%93-french-speaking-at-talentpop-app-4434892274,Work-from-Home Customer Support – French Speaking,TalentPop App,posted,2026-07-08T18:59:18.944128,146
9cbe34d3e91509be,https://ci.linkedin.com/jobs/view/work-from-home-customer-support-%E2%80%93-french-speaking-at-talentpop-app-4434872706,Work-from-Home Customer Support – French Speaking,TalentPop App,scraped,2026-07-08T18:59:23.066254,
118ef93e2d0f31f6,https://ci.linkedin.com/jobs/view/francophone-customer-support-representative-%E2%80%93-remote-at-talentpop-app-4434888420,Francophone Customer Support Representative – Remote,TalentPop App,posted,2026-07-08T18:59:38.310589,148
4c1f72f1accaedd4,https://ci.linkedin.com/jobs/view/agent-de-support-client%C3%A8le-international-h-f-at-talentpop-app-4434887497,Agent de Support Clientèle International (H/F),TalentPop App,posted,2026-07-08T18:59:50.392348,150
eb2afae1e0a62390,https://ci.linkedin.com/jobs/view/investisseur-priv%C3%A9-4437106713,Investisseur Privé,Organisation Professionnelle Des Musiciens De Côte D’Ivoire,posted,2026-07-08T18:59:58.604850,152
8ff056fd5ff82a4b,https://ci.linkedin.com/jobs/view/consultant-%E2%80%94-auto-financing-partnerships-lead-at-yango-4434530221,Consultant — Auto Financing Partnerships Lead,Yango,posted,2026-07-08T19:00:12.156024,154
2d6fe31564aa69d2,https://ci.linkedin.com/jobs/view/bilingual-customer-support-specialist-french-english-100%25-remote-at-talentpop-app-4434892251,Bilingual Customer Support Specialist (French/English) - 100% Remote,TalentPop App,posted,2026-07-08T19:00:24.410068,156
fe828d409a56995d,https://ci.linkedin.com/jobs/view/french-customer-support-specialist-bilingual-fr-en-non-voice-blended-remote-at-talentpop-app-4434884449,French Customer Support Specialist (Bilingual FR/EN | Non-Voice/Blended | Remote),TalentPop App,posted,2026-07-08T19:00:40.038922,158
797bb4e152ddb295,https://ci.linkedin.com/jobs/view/french-customer-support-specialist-bilingual-fr-en-non-voice-blended-remote-at-talentpop-app-4434874781,French Customer Support Specialist (Bilingual FR/EN | Non-Voice/Blended | Remote),TalentPop App,posted,2026-07-08T19:00:45.468026,158
6c3c0b518b1379f3,https://ci.linkedin.com/jobs/view/bilingual-customer-support-specialist-french-english-100%25-remote-at-talentpop-app-4434884415,Bilingual Customer Support Specialist (French/English) - 100% Remote,TalentPop App,posted,2026-07-08T19:00:50.441254,156
47cf8c99c3883186,https://ci.linkedin.com/jobs/view/digital-sales-support-representative-at-talentpop-app-4434887325,Digital Sales & Support Representative,TalentPop App,posted,2026-07-08T19:00:58.216436,160
a46066e8cacb8556,https://ci.linkedin.com/jobs/view/remote-french-bilingual-customer-support-representative-at-talentpop-app-4434886302,Remote French Bilingual Customer Support Representative,TalentPop App,posted,2026-07-08T19:01:11.232553,162
a30ed2db10c7eed0,https://ci.linkedin.com/jobs/view/french%2Benglish-bilingual-customer-service-representative-at-talentpop-app-4434891318,French+English Bilingual Customer Service Representative,TalentPop App,posted,2026-07-08T19:01:19.795698,164
3c747cab45a8591a,https://ci.linkedin.com/jobs/view/french-speaking-customer-support-specialist-at-talentpop-app-4434885312,French-Speaking Customer Support Specialist,TalentPop App,posted,2026-07-08T19:01:31.172112,166
389441f757f58b6e,https://ci.linkedin.com/jobs/view/digital-sales-support-representative-at-talentpop-app-4434890200,Digital Sales & Support Representative,TalentPop App,posted,2026-07-08T19:01:38.730495,160
dc85197ce96eff20,https://ci.linkedin.com/jobs/view/digital-sales-support-representative-at-talentpop-app-4434889314,Digital Sales & Support Representative,TalentPop App,posted,2026-07-08T19:01:43.457283,160
23494c4de8fd6445,https://ci.linkedin.com/jobs/view/french-speaking-customer-support-specialist-at-talentpop-app-4434876705,French-Speaking Customer Support Specialist,TalentPop App,posted,2026-07-08T19:01:48.794993,166
17f3c5584d7b913e,https://ci.linkedin.com/jobs/view/french-speaking-customer-support-specialist-at-talentpop-app-4434883328,French-Speaking Customer Support Specialist,TalentPop App,posted,2026-07-08T19:01:54.042549,166
ea8cde8516d203cb,https://ci.linkedin.com/jobs/view/french-speaking-customer-support-specialist-at-talentpop-app-4434877687,French-Speaking Customer Support Specialist,TalentPop App,scraped,2026-07-08T19:01:58.456532,
4e177354809b1ebc,https://ci.linkedin.com/jobs/view/virtual-customer-support-agent-french-english-%E2%80%93-100%25-remote-at-talentpop-app-4434870863,Virtual Customer Support Agent (French/English) – 100% Remote,TalentPop App,posted,2026-07-08T19:02:09.038456,168
22ae0d6223cdb9b0,https://ci.linkedin.com/jobs/view/virtual-customer-support-agent-french-english-%E2%80%93-100%25-remote-at-talentpop-app-4434875550,Virtual Customer Support Agent (French/English) – 100% Remote,TalentPop App,scraped,2026-07-08T19:02:13.144521,
11d0fac33bc14c90,https://ci.linkedin.com/jobs/view/french-customer-support-specialist-bilingual-fr-en-non-voice-blended-remote-at-talentpop-app-4434888430,French Customer Support Specialist (Bilingual FR/EN | Non-Voice/Blended | Remote),TalentPop App,posted,2026-07-08T19:02:18.317905,158
ec541ade2b73c24b,https://ci.linkedin.com/jobs/view/sp%C3%A9cialiste-bilingue-fran%C3%A7ais-anglais-du-support-client-%E2%80%94-voix-et-chat-at-talentpop-app-4434890409,Spécialiste Bilingue (Français/Anglais) du Support Client — Voix et Chat,TalentPop App,posted,2026-07-08T19:02:26.928761,170
c725a7f41c9e4ddf,https://ci.linkedin.com/jobs/view/work-from-home-customer-support-%E2%80%93-french-speaking-at-talentpop-app-4434888288,Work-from-Home Customer Support – French Speaking,TalentPop App,posted,2026-07-08T19:02:33.673980,146
462afa1fdcd0c160,https://ci.linkedin.com/jobs/view/sales-consultant-industrial-chemicals-at-potenthr-staffing-consulting-4434819671,Sales Consultant - Industrial Chemicals,,scraped,2026-07-08T19:02:44.440138,
7eba46b3950f7ec9,https://ci.linkedin.com/jobs/view/technicien-avicole-4433999123,Technicien avicole,DEZAI AgroVision SARL,posted,2026-07-08T19:02:59.820199,172
b57482c053df93b0,https://ci.linkedin.com/jobs/view/lenders-insurance-advisor-consultant-at-wtw-4436728107,Lenders Insurance Advisor Consultant,WTW,posted,2026-07-08T19:03:16.757730,174
7b8a7debcb9035bc,https://ci.linkedin.com/jobs/view/aide-preparateur-parc-catenaire-at-colas-rail-c%C3%B4te-d-ivoire-4434873025,AIDE PREPARATEUR PARC CATENAIRE,COLAS RAIL CÔTE D'IVOIRE,posted,2026-07-08T23:46:00.581224,176
f9fb939727401aec,https://ci.linkedin.com/jobs/view/responsable-portefeuille-projets-h-f-at-neemba-group-4438249647,Responsable Portefeuille Projets H/F,Neemba Group,posted,2026-07-08T23:46:30.509226,178
21d39faada2b0cd3,https://ci.linkedin.com/jobs/view/entrepreneur-in-residence-eir-at-the-flex-4436946410,Entrepreneur in Residence (EIR),,scraped,2026-07-08T23:46:33.166044,
b0fb26ecb359dec8,https://ci.linkedin.com/jobs/view/hse-permit-to-work-ptw-coordinator-at-kt-kinetics-technology-4434856787,HSE PERMIT TO WORK (PTW) COORDINATOR,,scraped,2026-07-08T23:46:57.585559,
49499d394bcb7cd7,https://ci.linkedin.com/jobs/view/fullstack-platform-engineer-at-joonapay-4437838883,Fullstack Platform Engineer,,scraped,2026-07-08T23:47:09.873687,
1d1de2faa4bd62ae,https://ci.linkedin.com/jobs/view/bilingual-customer-support-specialist-french-english-100%25-remote-at-talentpop-app-4434878524,Bilingual Customer Support Specialist (French/English) - 100% Remote,TalentPop App,posted,2026-07-08T23:47:21.570941,156
cc8805503a3d0345,https://ci.linkedin.com/jobs/view/bilingual-customer-support-specialist-french-english-100%25-remote-at-talentpop-app-4434887452,Bilingual Customer Support Specialist (French/English) - 100% Remote,TalentPop App,posted,2026-07-08T23:47:28.755971,156
5f4f5da186870088,https://ci.linkedin.com/jobs/view/francophone-customer-support-representative-%E2%80%93-remote-at-talentpop-app-4434880459,Francophone Customer Support Representative – Remote,TalentPop App,posted,2026-07-08T23:47:36.129390,148
4ce44ca05f45cb33,https://ci.linkedin.com/jobs/view/francophone-customer-support-representative-%E2%80%93-remote-at-talentpop-app-4434881391,Francophone Customer Support Representative – Remote,TalentPop App,posted,2026-07-08T23:47:43.660288,148
34d4737aa0e9465f,https://ci.linkedin.com/jobs/view/french-speaking-customer-support-specialist-at-talentpop-app-4434881572,French-Speaking Customer Support Specialist,TalentPop App,posted,2026-07-08T23:48:00.274513,166
67fa2e04eeba597f,https://ci.linkedin.com/jobs/view/french-bilingual-customer-service-specialist-at-talentpop-app-4434882427,French Bilingual Customer Service Specialist,TalentPop App,posted,2026-07-08T23:48:09.553658,44
799a2617b27b73c1,https://ci.linkedin.com/jobs/view/agent-de-support-client%C3%A8le-international-h-f-at-talentpop-app-4434883541,Agent de Support Clientèle International (H/F),TalentPop App,posted,2026-07-08T23:48:19.603830,180
4d85ef6e3ecc2841,https://ci.linkedin.com/jobs/view/francophone-customer-support-representative-%E2%80%93-remote-at-talentpop-app-4434880533,Francophone Customer Support Representative – Remote,TalentPop App,posted,2026-07-08T23:48:26.760687,148
736b59e3435319ca,https://ci.linkedin.com/jobs/view/french%2Benglish-bilingual-customer-service-representative-at-talentpop-app-4434892264,French+English Bilingual Customer Service Representative,TalentPop App,posted,2026-07-08T23:48:36.050599,182
84dc01b12b209503,https://ci.linkedin.com/jobs/view/virtual-customer-support-agent-french-english-%E2%80%93-100%25-remote-at-talentpop-app-4434892173,Virtual Customer Support Agent (French/English) – 100% Remote,TalentPop App,posted,2026-07-08T23:48:40.834785,168
839c09ddae22a70e,https://ci.linkedin.com/jobs/view/virtual-customer-support-agent-french-english-%E2%80%93-100%25-remote-at-talentpop-app-4434887430,Virtual Customer Support Agent (French/English) – 100% Remote,TalentPop App,scraped,2026-07-08T23:48:44.928328,
25e45dbe5af5f1c5,https://ci.linkedin.com/jobs/view/regulatory-affairs-and-licensing-francophone-africa-lead-at-tether-io-4437757445,Regulatory Affairs and Licensing- Francophone Africa Lead,Tether.io,posted,2026-07-08T23:49:01.131461,184
2eed5df189061f55,https://ci.linkedin.com/jobs/view/virtual-customer-support-agent-french-english-%E2%80%93-100%25-remote-at-talentpop-app-4434883549,Virtual Customer Support Agent (French/English) – 100% Remote,TalentPop App,posted,2026-07-08T23:49:08.783078,168
9c523d6344a0c492,https://ci.linkedin.com/jobs/view/virtual-customer-support-agent-french-english-%E2%80%93-100%25-remote-at-talentpop-app-4434879473,Virtual Customer Support Agent (French/English) – 100% Remote,TalentPop App,scraped,2026-07-08T23:49:12.791666,
af80520a9c012ace,https://ci.linkedin.com/jobs/view/french-english-customer-support-associate-at-talentpop-app-4434875549,French-English Customer Support Associate,TalentPop App,posted,2026-07-08T23:49:38.241548,186
5ece6943091f837e,https://ci.linkedin.com/jobs/view/french-speaking-customer-support-specialist-at-talentpop-app-4434869939,French-Speaking Customer Support Specialist,TalentPop App,posted,2026-07-08T23:49:46.993105,166
9abb9f358417cc49,https://ci.linkedin.com/jobs/view/french-speaking-customer-support-specialist-at-talentpop-app-4434879624,French-Speaking Customer Support Specialist,TalentPop App,posted,2026-07-08T23:50:02.292029,166
a9714220d0228a5c,https://ci.linkedin.com/jobs/view/french-speaking-customer-support-specialist-at-talentpop-app-4434874684,French-Speaking Customer Support Specialist,TalentPop App,scraped,2026-07-08T23:50:06.316321,
6aeb1c072e340596,https://ci.linkedin.com/jobs/view/sp%C3%A9cialiste-bilingue-fran%C3%A7ais-anglais-du-support-client-%E2%80%94-voix-et-chat-at-talentpop-app-4434879588,Spécialiste Bilingue (Français/Anglais) du Support Client — Voix et Chat,TalentPop App,posted,2026-07-08T23:50:15.694965,188
06ebdbb535fb768f,https://ci.linkedin.com/jobs/view/charg%C3%A9-sera-en-charge-de-la-consolidation-budg%C3%A9taire-du-suivi-de-la-performance-et-au-dialogue-au-sein-du-programme-c2d-rhs-cps-h-f-at-expertise-france-4402897771,"Chargé SERA en charge de la consolidation budgétaire, du suivi de la performance et au dialogue au sein du programme_C2D RHS (CPS) (H/F)",,scraped,2026-07-08T23:50:28.398714,
c069782505252012,https://ci.linkedin.com/jobs/view/m%C3%A9treur-bureau-d-%C3%A9tude-at-ci-m%C3%A9tr%C3%A9-4395056736,Métreur - bureau d'étude,CI Métré,posted,2026-07-09T11:27:58.576304,190
9a0d068f99499c9f,https://ci.linkedin.com/jobs/view/%E9%94%80%E5%94%AE%E7%BB%8F%E7%90%86-at-boduo-international-4433564918,销售经理,,scraped,2026-07-09T11:28:15.325799,
4fb90a567851b331,https://ci.linkedin.com/jobs/view/operator-at-nexans-4438567038,Operator,,scraped,2026-07-09T11:28:29.456825,
b616b63540cf0138,https://ci.linkedin.com/jobs/view/electrical-technician-at-altera-infrastructure-4438285743,Electrical Technician,,scraped,2026-07-09T11:28:39.654632,
e5138b13fb5ca79c,https://ci.linkedin.com/jobs/view/conseiller-technique-protection-de-l-enfant-technical-adviser-child-protection-at-save-the-children-colombia-oficial-4438185516,Conseiller technique Protection de l'Enfant / Technical Adviser Child Protection,,scraped,2026-07-09T11:28:51.547905,
14274ff5b90776f9,https://ci.linkedin.com/jobs/view/chef-cheffe-d-%C3%A9quipe-expert-e-en-%C3%A9nergie-at-ntu-international-a-s-4438606876,Chef / Cheffe d'Équipe - Expert(e) en Énergie,,scraped,2026-07-09T11:29:08.957935,
2b4d38fb14f8798e,https://ci.linkedin.com/jobs/view/sp%C3%A9cialiste-bilingue-fran%C3%A7ais-anglais-du-support-client-%E2%80%94-voix-et-chat-at-talentpop-app-4434890379,Spécialiste Bilingue (Français/Anglais) du Support Client — Voix et Chat,TalentPop App,posted,2026-07-09T11:29:42.374152,192
ec852c9bbd25fd13,https://ci.linkedin.com/jobs/view/french-english-customer-support-associate-at-talentpop-app-4434877474,French-English Customer Support Associate,TalentPop App,posted,2026-07-09T11:29:50.481258,186
f2aa1ed678da16b0,https://ci.linkedin.com/jobs/view/french-customer-support-specialist-bilingual-fr-en-non-voice-blended-remote-at-talentpop-app-4434881523,French Customer Support Specialist (Bilingual FR/EN | Non-Voice/Blended | Remote),TalentPop App,posted,2026-07-09T11:29:59.427682,158
561a4a71506e3da8,https://ci.linkedin.com/jobs/view/work-from-home-customer-support-%E2%80%93-french-speaking-at-talentpop-app-4434884395,Work-from-Home Customer Support – French Speaking,TalentPop App,posted,2026-07-09T11:30:07.349069,146
3eca2562ffe6b659,https://ci.linkedin.com/jobs/view/remote-french-bilingual-customer-support-representative-at-talentpop-app-4434884277,Remote French Bilingual Customer Support Representative,TalentPop App,posted,2026-07-09T11:30:30.123781,162
5d64b719aa62a527,https://ci.linkedin.com/jobs/view/mental-health-and-psychosocial-support-advisor-at-m%C3%A9decins-sans-fronti%C3%A8res-belgium-4438196463,Mental Health and Psychosocial Support Advisor,,scraped,2026-07-09T11:30:50.911151,
83ed8f9c570ecbb7,https://ci.linkedin.com/jobs/view/superviseur-piping-h-f-at-ep2c-4413342520,Superviseur piping (H/F),,scraped,2026-07-09T11:31:08.164882,
2d71001e9967a397,https://ci.linkedin.com/jobs/view/aide-monteur-catenaire-at-colas-rail-c%C3%B4te-d-ivoire-4434873024,AIDE - MONTEUR CATENAIRE,COLAS RAIL CÔTE D'IVOIRE,posted,2026-07-09T18:29:25.126606,194
927838b1e190e715,https://ci.linkedin.com/jobs/view/work-from-home-customer-support-%E2%80%93-french-speaking-at-talentpop-app-4434878516,Work-from-Home Customer Support – French Speaking,TalentPop App,posted,2026-07-09T18:29:29.987737,146
a9302415785896e4,https://ci.linkedin.com/jobs/view/operations-associate-g-6-ft-%23071090-man-cote-d-ivoire-wcar-at-unicef-4436715285,"Operations Associate (G-6), FT, #071090, Man - Cote d'Ivoire, WCAR",UNICEF,posted,2026-07-09T18:29:41.086780,196
2ae8c1c439c57281,https://ci.linkedin.com/jobs/view/chef-de-produit-services-digitaux-at-orange-c%C3%B4te-d-ivoire-4438664482,Chef de produit Services digitaux,Orange Côte d'Ivoire,posted,2026-07-09T18:30:12.212944,198
1534a4ad0b29f9e7,https://ci.linkedin.com/jobs/view/head-of-campaigns-content-at-narrativ-4438623015,Head of Campaigns/Content,Narrativ,posted,2026-07-09T18:30:27.947687,200
eb273024bad7fda6,https://ci.linkedin.com/jobs/view/responsable-portefeuille-projets-it-at-neemba-group-4438249647,Responsable Portefeuille Projets IT,Neemba Group,posted,2026-07-09T18:30:53.854149,202
dfa0b6fd5d4dfb9a,https://ci.linkedin.com/jobs/view/%F0%9F%8C%8D-sales-manager-%E2%80%94-solutions-bancaires-afrique-adria-business-technology-%C2%B7-cdi-%C2%B7-abidjan-cote-d-ivoires-at-adria-business-technology-4423159300,🌍 Sales Manager — Solutions Bancaires | Afrique Adria Business & Technology · CDI · Abidjan - Cote d'ivoires,,scraped,2026-07-09T18:31:08.547358,
b3c8c545a056d6f5,https://ci.linkedin.com/jobs/view/ing%C3%A9nieur-calcul-structure-abidjan-f-h-at-b-hive-engineering-4429032162,Ingénieur Calcul Structure - Abidjan F/H,,scraped,2026-07-09T18:31:24.035069,
031b76366bda564f,https://ci.linkedin.com/jobs/view/responsable-commercial-e-et-partenariats-at-shodal-4438800272,Responsable Commercial(e) et Partenariats,,scraped,2026-07-09T18:31:32.775221,
ff393242323dc487,https://ci.linkedin.com/jobs/view/pr%C3%A9parateur-instrumentation-h-f-at-ortec-group-4415293261,Préparateur instrumentation H/F,,scraped,2026-07-09T18:31:50.692513,
4f1903f826969922,https://ci.linkedin.com/jobs/view/stagiaire-%C3%A9cole-charg%C3%A9%C2%B7e-de-partenariat-at-transform-reves-4438662753,Stagiaire école Chargé·e de Partenariat,Transform Reves,posted,2026-07-09T18:32:12.385070,204
5debe65708e048f6,https://ci.linkedin.com/jobs/view/icredit-risk-data-intelligence-analyst-%E2%80%94-part-time-strong-english-required-at-aspan-energy-4433969121,ICredit Risk & Data Intelligence Analyst — Part-Time | Strong English Required,,scraped,2026-07-09T18:32:15.068896,
f1c427024cc790cc,https://ci.linkedin.com/jobs/view/virtual-customer-support-agent-french-english-%E2%80%93-100%25-remote-at-talentpop-app-4435687057,Virtual Customer Support Agent (French/English) – 100% Remote,TalentPop App,posted,2026-07-09T18:32:34.221111,168
8fc6322f91f55167,https://ci.linkedin.com/jobs/view/work-from-home-customer-support-%E2%80%93-french-speaking-at-talentpop-app-4434886407,Work-from-Home Customer Support – French Speaking,TalentPop App,posted,2026-07-09T18:32:41.078820,146
4b7116204bf415a7,https://ci.linkedin.com/jobs/view/work-from-home-customer-support-%E2%80%93-french-speaking-at-talentpop-app-4434875675,Work-from-Home Customer Support – French Speaking,TalentPop App,scraped,2026-07-09T18:32:45.210570,
d6f33ff737abad3b,https://ci.linkedin.com/jobs/view/work-from-home-customer-support-%E2%80%93-french-speaking-at-talentpop-app-4434890399,Work-from-Home Customer Support – French Speaking,TalentPop App,posted,2026-07-09T18:32:52.501451,146
8517fb2bc8ce9d4f,https://ci.linkedin.com/jobs/view/french-bilingual-customer-service-specialist-at-talentpop-app-4434878635,French Bilingual Customer Service Specialist,TalentPop App,posted,2026-07-09T18:33:02.576451,44
f5faaad326c0b9da,https://ci.linkedin.com/jobs/view/french-english-customer-support-associate-at-talentpop-app-4434874729,French-English Customer Support Associate,TalentPop App,posted,2026-07-09T18:33:14.267465,186
5641e0d722530e8a,https://ci.linkedin.com/jobs/view/remote-french-bilingual-customer-support-representative-at-talentpop-app-4434870916,Remote French Bilingual Customer Support Representative,TalentPop App,posted,2026-07-09T18:33:20.218793,162
764b8b78f35f55ec,https://ci.linkedin.com/jobs/view/hmanitarian-specialist-at-the-church-of-jesus-christ-of-latter-day-saints-4437560424,Hmanitarian Specialist,The Church of Jesus Christ of Latter-day Saints,posted,2026-07-09T18:33:51.534964,206
4b9456d3cacb7019,https://ci.linkedin.com/jobs/view/maintenance-planner-at-barry-callebaut-group-4437925348,Maintenance Planner,Barry Callebaut Group,posted,2026-07-09T23:55:17.727846,208
f155ccf0db4e6c44,https://ci.linkedin.com/jobs/view/production-operator-at-nexans-4438550820,Production Operator,,scraped,2026-07-09T23:55:38.406797,
b8f343448c070e50,https://ci.linkedin.com/jobs/view/business-development-manager-%E2%80%94-c%C3%B4te-d-ivoire-at-anker-innovations-4438643825,Business Development Manager — Côte d'Ivoire,Anker Innovations,posted,2026-07-09T23:56:03.367378,210
09b2c84d08895350,https://ci.linkedin.com/jobs/view/technologiste-conditionnement-at-nestl%C3%A9-4438678635,Technologiste Conditionnement,Nestlé,posted,2026-07-09T23:56:15.945153,212
85cbd1e202cb3c89,https://ci.linkedin.com/jobs/view/corporate-affairs-business-partner-at-fed-africa-4435471834,CORPORATE AFFAIRS BUSINESS PARTNER,,scraped,2026-07-09T23:56:38.573941,
0e2cbbc1312e8b03,https://ci.linkedin.com/jobs/view/stagiaire-support-projet-neemba-academy-at-neemba-group-4438678946,Stagiaire Support Projet - NEEMBA ACADEMY,Neemba Group,posted,2026-07-09T23:57:03.677536,214
1a6bbc6ede82295f,https://ci.linkedin.com/jobs/view/french%2Benglish-bilingual-customer-service-representative-at-talentpop-app-4434869987,French+English Bilingual Customer Service Representative,TalentPop App,posted,2026-07-09T23:57:16.764593,216
8e27efbb09929396,https://ci.linkedin.com/jobs/view/auditor-rainforest-alliance-at-scs-global-services-4398447763,"Auditor, Rainforest Alliance",SCS Global Services,posted,2026-07-09T23:57:31.717687,218
3b943cab63ff6b68,https://ci.linkedin.com/jobs/view/stagiaire-pour-l-afrique-de-l-ouest-du-centre-et-des-%C3%AEles-comores-et-madagascar-at-save-the-children-international-4438682309,"Stagiaire pour l'Afrique de l'Ouest, du Centre et des îles (Comores et Madagascar)",Save the Children International,posted,2026-07-09T23:57:45.037945,220
8058d8de927bb550,https://ci.linkedin.com/jobs/view/expert-e-secteur-de-l%E2%80%99%C3%A9nergie-au-b%C3%A9nin-at-ntu-international-a-s-4438635989,Expert(e) Secteur de l’Énergie au Bénin,,scraped,2026-07-09T23:58:03.594079,
fe9e31c18541cd26,https://ci.linkedin.com/jobs/view/french-english-customer-support-associate-at-talentpop-app-4434880389,French-English Customer Support Associate,TalentPop App,posted,2026-07-09T23:58:21.743068,186
fc000b89cc39e937,https://ci.linkedin.com/jobs/view/french-bilingual-customer-service-specialist-at-talentpop-app-4434881511,French Bilingual Customer Service Specialist,TalentPop App,posted,2026-07-09T23:58:27.289109,44
2bad11f99e873aef,https://ci.linkedin.com/jobs/view/agent-de-support-client%C3%A8le-international-h-f-at-talentpop-app-4434870944,Agent de Support Clientèle International (H/F),TalentPop App,posted,2026-07-09T23:58:57.880233,222
e7458bfe45673543,https://ci.linkedin.com/jobs/view/digital-sales-support-representative-at-talentpop-app-4434875521,Digital Sales & Support Representative,TalentPop App,posted,2026-07-09T23:59:06.032534,160
4aae35acdefc8036,https://ci.linkedin.com/jobs/view/sp%C3%A9cialiste-bilingue-fran%C3%A7ais-anglais-du-support-client-%E2%80%94-voix-et-chat-at-talentpop-app-4434891355,Spécialiste Bilingue (Français/Anglais) du Support Client — Voix et Chat,TalentPop App,posted,2026-07-09T23:59:19.121075,224
ed1cf7ea1a03d6bc,https://ci.linkedin.com/jobs/view/french-bilingual-customer-service-specialist-at-talentpop-app-4434876636,French Bilingual Customer Service Specialist,TalentPop App,posted,2026-07-09T23:59:26.119688,44
b9774bd76fd44091,https://ci.linkedin.com/jobs/view/remote-french-bilingual-customer-support-representative-at-talentpop-app-4434887354,Remote French Bilingual Customer Support Representative,TalentPop App,posted,2026-07-09T23:59:33.425627,162
29c3022ce7667c40,https://ci.linkedin.com/jobs/view/corporate-events-coordinator-at-wave-gambia-4437949073,Corporate Events Coordinator,Wave Gambia,posted,2026-07-10T11:25:58.347172,226
7652472d439b100c,https://ci.linkedin.com/jobs/view/barista-at-navy-events-4435929101,Barista,,scraped,2026-07-10T11:26:02.990522,
a5c99667822ddc36,https://ci.linkedin.com/jobs/view/area-sales-manager-at-zumtobel-lighting-4438616817,Area Sales Manager,,scraped,2026-07-10T11:26:37.146112,
2e7b77cf29e774b4,https://ci.linkedin.com/jobs/view/regulatory-affairs-ivdr-contractor-c%C3%B4te-d-ivoire-at-iqvia-4437997248,Regulatory Affairs IVDR - Contractor Côte d'Ivoire,IQVIA,posted,2026-07-10T11:26:54.129618,228
6affa7a988719ea7,https://ci.linkedin.com/jobs/view/magasinier-gestionnaire-de-stock-mj002018-at-sunda-international-4437778161,Magasinier / gestionnaire de stock (MJ002018),森大国际,posted,2026-07-10T11:27:16.888314,230
85a5aa28a0228b89,https://ci.linkedin.com/jobs/view/construction-hse-training-coordinator-at-kt-kinetics-technology-4435908199,CONSTRUCTION HSE TRAINING COORDINATOR,,scraped,2026-07-10T11:27:21.534707,
7464785797c89cf1,https://ci.linkedin.com/jobs/view/directeur-financier-directrice-financi%C3%A8re-at-kcr-partners-4438845212,Directeur financier/Directrice financière,KCR Partners,posted,2026-07-10T11:27:40.540424,232
08bc7191c5de1ba5,https://ci.linkedin.com/jobs/view/responsable-paie-administration-du-personnel-afrique-de-l-ouest-at-essilorluxottica-4419832234,Responsable Paie & Administration du Personnel - Afrique de l'Ouest,,scraped,2026-07-10T11:27:43.218215,
fae58afcde08a775,https://ci.linkedin.com/jobs/view/ouvrier-paysagiste-entretien-h-f-at-emeraude-jardins-4435906330,Ouvrier paysagiste entretien H/F,EMERAUDE JARDINS,posted,2026-07-10T11:28:00.998441,234
ab9a0549f5d6c02c,https://ci.linkedin.com/jobs/view/ing%C3%A9nieur-calcul-structure-abidjan-f-h-at-b-hive-engineering-4429022261,Ingénieur Calcul Structure - Abidjan F/H,,scraped,2026-07-10T11:28:11.657984,
902a5832f9c1c3e0,https://ci.linkedin.com/jobs/view/stagiaire-pour-l%E2%80%99afrique-de-l%E2%80%99ouest-du-centre-et-des-%C3%AEles-comores-et-madagascar-at-save-the-children-colombia-oficial-4439028452,"Stagiaire pour l’Afrique de l’Ouest, du Centre et des îles (Comores et Madagascar)",,scraped,2026-07-10T11:28:30.206666,
92a5096dd42e07bb,https://ci.linkedin.com/jobs/view/internship-at-afgri-4438565092,Internship,,scraped,2026-07-10T11:28:45.590775,
1ffaa50114e1fcd9,https://ci.linkedin.com/jobs/view/virtual-customer-support-agent-french-english-%E2%80%93-100%25-remote-at-talentpop-app-4435687055,Virtual Customer Support Agent (French/English) – 100% Remote,TalentPop App,posted,2026-07-10T11:29:16.042446,168
d4612e89c5a6af26,https://ci.linkedin.com/jobs/view/engenheiro-a-de-minas-planeamento-mineiro-pt-at-mota-engil-4435964513,Engenheiro/a de Minas - Planeamento Mineiro (PT),,scraped,2026-07-10T11:29:56.450164,
3f5473460bbdb7f2,https://ci.linkedin.com/jobs/view/office-boy-male-at-1link-solution-4436969817,Office-boy (Male),,scraped,2026-07-10T18:13:51.244493,
7670e6365d49d43b,https://ci.linkedin.com/jobs/view/office-facilities-coordinator-at-altera-infrastructure-4439074580,Office & Facilities Coordinator,,scraped,2026-07-10T18:14:01.544785,
1459d7e0bfd3efd0,https://ci.linkedin.com/jobs/view/management-accountant-global-grade-12-at-barloworld-power-angola-4438307271,Management Accountant Global Grade 12,,scraped,2026-07-10T18:14:21.957470,
8149a850ee907791,https://ci.linkedin.com/jobs/view/internship-event-coordinator-at-roche-4438845210,Internship - Event Coordinator,,scraped,2026-07-10T18:14:30.526200,
525042c5d1bc009f,https://ci.linkedin.com/jobs/view/ing%C3%A9nieur-des-mines-planification-mini%C3%A8re-m-f-fr-at-mota-engil-4435977088,Ingénieur des mines - Planification minière (m/f) (FR),,scraped,2026-07-10T18:14:37.828900,
f46c5236466d241b,https://ci.linkedin.com/jobs/view/cote-d-ivoire-internship-market-operations-abidjan-2026-at-citi-4435788210,"Cote d'ivoire Internship - Market Operations, Abidjan 2026",Citi,posted,2026-07-10T18:15:04.023214,236
737a6d7d6509bebb,https://ci.linkedin.com/jobs/view/superintendente-minas-m-f-pt-at-mota-engil-4435974175,Superintendente - Minas (m/f) (PT),,scraped,2026-07-10T18:15:06.372250,
5f4ff37632a4e269,https://ci.linkedin.com/jobs/view/d%C3%A9l%C3%A9gu%C3%A9-e-%C3%A0-la-protection-des-majeurs-mandataire-judiciaire-h-f-21-cdi-et-cdd-at-udaf-union-d%C3%A9partementale-des-associations-familiales-4437383230,Délégué(e) à la protection des majeurs / Mandataire judiciaire H/F (21) CDI et CDD,,scraped,2026-07-10T18:15:14.900117,
a20c3b1bdb85e1b6,https://ci.linkedin.com/jobs/view/travel-supervisor-abidjan-cote-d-ivoire-cdi-40-heures-at-the-church-of-jesus-christ-of-latter-day-saints-4437919241,Travel Supervisor| Abidjan-Cote D'Ivoire| CDI(40 Heures),The Church of Jesus Christ of Latter-day Saints,posted,2026-07-10T18:15:45.832566,238
b05f106091604f19,https://ci.linkedin.com/jobs/view/associate-manager-trade-marketing-west-africa-at-bic-4435198778,"Associate Manager, Trade Marketing-West Africa",BIC,posted,2026-07-10T18:16:18.534055,240
73b24cb7874628d4,https://ci.linkedin.com/jobs/view/vice-president-financements-structur%C3%A9s-h-f-at-soci%C3%A9t%C3%A9-g%C3%A9n%C3%A9rale-c%C3%B4te-d-ivoire-4432815903,Vice President Financements Structurés (H/F),,scraped,2026-07-10T18:16:21.163253,
0b46e9004d2d18df,https://ci.linkedin.com/jobs/view/un-1-chef-comptable-h-f-at-agiloya-afrique-4437550629,UN (1) CHEF COMPTABLE - H/F,,scraped,2026-07-10T18:16:34.605669,
bd4996dc657addef,https://ci.linkedin.com/jobs/view/directeur-travaux-batiments-abidjan-c%C3%B4te-d-ivoire-at-luseo-4435979918,"DIRECTEUR TRAVAUX BATIMENTS - Abidjan, CÔTE D'IVOIRE",,scraped,2026-07-10T18:16:44.777078,
9a416c8cdf1695ff,https://ci.linkedin.com/jobs/view/commercial-e-externe-dimbokro-c%C3%B4te-d-ivoire-at-lapaire-4438814427,Commercial (e) Externe - Dimbokro (Côte d'Ivoire),,scraped,2026-07-10T18:16:53.874336,
2e058b40e8c3f042,https://ci.linkedin.com/jobs/view/repr%C3%A9sentant-technique-des-moteurs-d-a%C3%A9ronautique-aeroengine-technical-representative-at-rolls-royce-4430731702,Représentant technique des moteurs d'aéronautique / Aeroengine Technical Representative,,scraped,2026-07-10T18:17:06.581154,
973fdd5bc143a41e,https://ci.linkedin.com/jobs/view/helpdesk-system-admin-junior-at-djamo-4439093897,Helpdesk / System Admin Junior,,scraped,2026-07-10T18:17:13.654624,
95cd0398069bdb17,https://ci.linkedin.com/jobs/view/juriste-de-droit-des-affaires-senior-at-anyray-partners-4438269898,Juriste de droit des affaires Senior,AnyRay&amp;Partners,posted,2026-07-10T18:17:54.087107,242
8ff27e40411f9ea8,https://ci.linkedin.com/jobs/view/gestionnaire-de-paie-4436632029,Gestionnaire de paie,CHEPITIMAYAS SÉCURITÉ SARL,posted,2026-07-10T18:18:21.152224,244
4234c02609b30365,https://ci.linkedin.com/jobs/view/vid%C3%A9aste-at-mi-souan-bie-4438500848,Vidéaste,MI SOUAN BIE,posted,2026-07-10T18:18:35.803532,246
45f385f6b2d2072d,https://ci.linkedin.com/jobs/view/french%2Benglish-bilingual-customer-service-representative-at-talentpop-app-4434887413,French+English Bilingual Customer Service Representative,TalentPop App,posted,2026-07-10T18:19:08.421116,248
f297fa8633fa8290,https://ci.linkedin.com/jobs/view/virtual-customer-support-agent-french-english-%E2%80%93-100%25-remote-at-talentpop-app-4434870793,Virtual Customer Support Agent (French/English) – 100% Remote,TalentPop App,posted,2026-07-10T18:19:23.254498,168
f54b207980f5b6ae,https://ci.linkedin.com/jobs/view/virtual-customer-support-agent-french-english-%E2%80%93-100%25-remote-at-talentpop-app-4434893047,Virtual Customer Support Agent (French/English) – 100% Remote,TalentPop App,scraped,2026-07-10T18:19:27.410748,
17bd861eb9264502,https://ci.linkedin.com/jobs/view/virtual-customer-support-agent-french-english-%E2%80%93-100%25-remote-at-talentpop-app-4435671351,Virtual Customer Support Agent (French/English) – 100% Remote,TalentPop App,posted,2026-07-10T18:19:58.602030,168
21907c0d8c1d4e4c,https://ci.linkedin.com/jobs/view/agent-comptable-at-muso-4439300264,AGENT COMPTABLE,Muso,posted,2026-07-10T23:36:16.187006,250
8b79809424710ab9,https://ci.linkedin.com/jobs/view/technicien-de-maintenance-polyvalent-cdi-abidjan-cote-d-ivoire-at-a-igreja-de-jesus-cristo-dos-santos-dos-%C3%BAltimos-dias-4439310268,Technicien de maintenance polyvalent - CDI|Abidjan-Cote D'Ivoire,,scraped,2026-07-10T23:36:18.813092,
accf9166c3335721,https://ci.linkedin.com/jobs/view/travel-supervisor-abidjan-cote-d-ivoire-cdi-40-heures-at-a-igreja-de-jesus-cristo-dos-santos-dos-%C3%BAltimos-dias-4439313056,Travel Supervisor| Abidjan-Cote D'Ivoire| CDI(40 Heures),,scraped,2026-07-10T23:36:25.548500,
e97b93cc6e340b61,https://ci.linkedin.com/jobs/view/mechanic-general-x4-global-grade-08-at-barloworld-power-angola-4438304323,Mechanic General X4 Global Grade 08,,scraped,2026-07-10T23:36:32.052661,
46ce19082b2652f5,https://ci.linkedin.com/jobs/view/engenheiro-a-de-minas-dire%C3%A7%C3%A3o-de-produ%C3%A7%C3%A3o-pt-at-mota-engil-4436626714,Engenheiro/a de Minas - Direção de Produção (PT),,scraped,2026-07-10T23:36:42.266009,
e462df59cce74f69,https://ci.linkedin.com/jobs/view/stagiaire-finance-at-muso-4439089866,STAGIAIRE FINANCE,Muso,posted,2026-07-10T23:37:04.698202,252
6b29b40b37bf07a7,https://ci.linkedin.com/jobs/view/operator-at-%E8%80%90%E5%85%8B%E6%A3%AE%E4%B8%AD%E5%9B%BD-4439075216,Operator,,scraped,2026-07-10T23:37:09.363223,
7ca67f82c44921ef,https://ci.linkedin.com/jobs/view/fixed-network-product-manager-at-huawei-4439099571,Fixed Network Product Manager,,scraped,2026-07-10T23:37:19.448234,
01c14ac909a0c5ee,https://ci.linkedin.com/jobs/view/furniture-sales-at-home-key-4425732587,Furniture Sales,Home Key,posted,2026-07-10T23:37:52.013671,254
a819f9ec8781d457,https://ci.linkedin.com/jobs/view/production-operator-at-%E8%80%90%E5%85%8B%E6%A3%AE%E4%B8%AD%E5%9B%BD-4439062842,Production Operator,,scraped,2026-07-10T23:37:54.684992,
0b86c4607d15011b,https://ci.linkedin.com/jobs/view/senior-b2b-sales-account-manager-at-jeune-afrique-4436611268,Senior B2B Sales & Account Manager,,scraped,2026-07-10T23:38:16.428075,
5a5c117b648e2de3,https://ci.linkedin.com/jobs/view/associate-banker-natural-resources-at-ebrd-4439085932,Associate Banker - Natural Resources,,scraped,2026-07-10T23:38:42.892112,
0191aedf85c3633f,https://ci.linkedin.com/jobs/view/language-teacher-remote-at-crossing-hurdles-4428495779,Language Teacher | Remote,Crossing Hurdles,posted,2026-07-10T23:39:07.326445,256
cf05ec782d3e4bca,https://ci.linkedin.com/jobs/view/solutions-consultant-at-palo-alto-networks-4417250763,Solutions Consultant,Palo Alto Networks,posted,2026-07-10T23:39:37.431766,258
b5f5126b4de42eda,https://ci.linkedin.com/jobs/view/directeur-pays-at-cep-business-copilot-4439385237,Directeur pays,,scraped,2026-07-10T23:39:40.069016,
b6948b8733c71f06,https://ci.linkedin.com/jobs/view/comptable-experimente-at-eqt-sarl-4439341650,COMPTABLE EXPERIMENTE,EQT SARL,posted,2026-07-10T23:40:52.150380,260
4863dd2b78400ead,https://ci.linkedin.com/jobs/view/contract-commercial-manager-at-huawei-4439315169,Contract Commercial Manager,,scraped,2026-07-10T23:40:54.815236,
68262d5a7bc127ef,https://ci.linkedin.com/jobs/view/virtual-customer-support-agent-french-english-%E2%80%93-100%25-remote-at-talentpop-app-4435665810,Virtual Customer Support Agent (French/English) – 100% Remote,TalentPop App,posted,2026-07-10T23:41:32.900445,168
12a4641d4be73050,https://ci.linkedin.com/jobs/view/ing%C3%A9nieur-des-mines-gestion-de-la-production-m-f-fr-1-at-mota-engil-4436628736,Ingénieur des Mines - Gestion de la Production (m/f) (FR) 1,,scraped,2026-07-11T07:24:54.882165,
229475d177fa0c32,https://ci.linkedin.com/jobs/view/regional-mental-health-and-psychosocial-support-advisor-m-f-x-%E2%80%93-abidjan-%E2%80%93-msf-belgium-at-reliefweb-4438898440,Regional Mental Health and Psychosocial Support Advisor (m/f/x) – Abidjan – MSF Belgium,ReliefWeb,posted,2026-07-11T07:25:15.663251,262
8cbd4b59418396d2,https://ci.linkedin.com/jobs/view/responsable-ressources-humaines-d%C3%A9veloppement-organisationnel-h-f-at-3amg-4436620308,Responsable Ressources Humaines & Développement Organisationnel (H/F),,scraped,2026-07-11T07:25:18.342810,
fa1565791633750a,https://ci.linkedin.com/jobs/view/consultant-charg%C3%A9-e-de-communication-interne-et-gestion-du-changement-at-muso-4439303196,CONSULTANT CHARGÉ(E) DE COMMUNICATION INTERNE ET GESTION DU CHANGEMENT,Muso,posted,2026-07-11T07:25:40.226045,264
aa5584f0ab4b6688,https://ci.linkedin.com/jobs/view/stagiare-montage-appel-d%E2%80%99offre-at-gerthe-imprimerie-4435986506,Stagiare montage appel d’offre,Gerthe Imprimerie,posted,2026-07-11T07:26:13.897382,266
ae09e01406e2a045,https://ci.linkedin.com/jobs/view/juriste-sp%C3%A9cialis%C3%A9-en-cadre-l%C3%A9gal-et-r%C3%A9glementaire-du-secteur-de-l%E2%80%99%C3%A9nergie-et-des-ppp-at-ntu-international-a-s-4439090168,Juriste spécialisé en cadre légal et réglementaire du secteur de l’énergie et des PPP,,scraped,2026-07-11T07:27:24.465435,
6dafbad23dedd064,https://ci.linkedin.com/jobs/view/research-assistant-intern-at-the-aurum-institute-4438544978,Research Assistant: Intern,,scraped,2026-07-11T11:36:51.088015,
e9ffbaf0de1cc1e6,https://ci.linkedin.com/jobs/view/project-security-fleet-manager-at-alstom-4435997035,Project Security & Fleet Manager,,scraped,2026-07-11T11:37:02.068329,
7c92dd02a0470857,https://ci.linkedin.com/jobs/view/associate-banker-at-ebrd-4439086902,Associate Banker,,scraped,2026-07-11T11:37:26.989917,
82b47934f5563ff5,https://ci.linkedin.com/jobs/view/project-manager-at-karadeniz-holding-4435992681,Project Manager,,scraped,2026-07-11T11:37:35.370952,
1efef59f8f29a82d,https://ci.linkedin.com/jobs/view/mechanic-general-x4-global-grade-08-at-barloworld-equipment-4439068184,Mechanic General X4 Global Grade 08,,scraped,2026-07-11T11:37:44.644409,
a6fc6572a89a4df7,https://ci.linkedin.com/jobs/view/un-1-commercial-h-f-at-agiloya-afrique-4437337507,UN (1) COMMERCIAL - H/F,,scraped,2026-07-11T11:37:52.299150,
dc9f89ea3b564a05,https://ci.linkedin.com/jobs/view/key-account-manager-b2b-at-canon-emea-4336707455,Key Account Manager - B2B,Canon EMEA,posted,2026-07-11T11:38:27.796327,268
fcb3c5a63b6a0814,https://ci.linkedin.com/jobs/view/dioula-bilingual-expert-remote-at-yo-it-consulting-4437941472,Dioula Bilingual Expert - Remote,,scraped,2026-07-11T11:38:38.264496,
0a0441f897928145,https://ci.linkedin.com/jobs/view/golang-node-js-developers-at-evozone-technolabs-a-gtg-network-company-4439326154,Golang/Node.Js developers,,scraped,2026-07-11T11:38:56.516846,
6053003b398cf80a,https://ci.linkedin.com/jobs/view/un-e-technico-commercial-h-f-at-3amg-4436614517,Un(e) Technico-Commercial (H/F),,scraped,2026-07-11T11:39:14.269382,
c9b0ce02ea34e03c,https://ci.linkedin.com/jobs/view/program-consultant-syphilis-free-start-at-effective-altruism-global-4439510900,Program Consultant - Syphilis-Free Start,Effective Altruism Global,posted,2026-07-11T11:40:09.276557,270
8d5c996e364c2da8,https://ci.linkedin.com/jobs/view/technicien-de-maintenance-polyvalent-cdi-abidjan-cote-d-ivoire-at-the-church-of-jesus-christ-of-latter-day-saints-4436818157,Technicien de maintenance polyvalent - CDI|Abidjan-Cote D'Ivoire,The Church of Jesus Christ of Latter-day Saints,posted,2026-07-11T11:41:06.258371,272
1d6e9091f81b720c,https://ci.linkedin.com/jobs/view/sr-consultant-sales-engineering-at-visa-4411601303,"Sr. Consultant, Sales Engineering",Visa,posted,2026-07-11T11:42:10.956489,274
9cfaae329c336cfe,https://ci.linkedin.com/jobs/view/responsable-des-ressources-humaines-at-3amg-4435918435,Responsable des Ressources Humaines,,scraped,2026-07-11T11:42:35.647476,
a980d8655995173f,https://ci.linkedin.com/jobs/view/humanitarian-specialist-abidjan-cote-d-iviore-cdi-40-heures-at-the-church-of-jesus-christ-of-latter-day-saints-4437560424,Humanitarian Specialist|Abidjan- Cote D'Iviore|CDI|40 Heures,The Church of Jesus Christ of Latter-day Saints,posted,2026-07-11T15:35:24.884093,276
a6afa4eedcb41637,https://ci.linkedin.com/jobs/view/sgabs-%C3%A0-compl%C3%A9ter-at-soci%C3%A9t%C3%A9-g%C3%A9n%C3%A9rale-african-business-services-4118876970,SGABS à compléter,,scraped,2026-07-11T18:40:24.692197,
6d533cbd5619ae47,https://ci.linkedin.com/jobs/view/food-service-worker-canada-at-hirez-manpower-solutions-inc-4438376513,Food Service Worker (Canada),,scraped,2026-07-11T18:41:10.568452,
f9a2eeb38b23dffa,https://ci.linkedin.com/jobs/view/rejoignez-l-aventure-diddifree-construisons-ensemble-le-futur-de-nos-solutions-%21-4439555147,Rejoignez l'aventure DiddiFree : Construisons ensemble le futur de nos solutions !,Diddifree SAS,posted,2026-07-11T18:42:25.900362,278
